{"v":"","fr":30,"ip":0,"op":210,"w":970,"h":576,"nm":"copia Escena 1","ddd":0,"assets":[{"id":"comp_S_mbolo_2","layers":[]},{"id":"comp_S_mbolo_1","layers":[]}],"markers":[],"meta":{"author":"","description":"copia Escena 1","generator":"LottieFiles for Animate 0.0.1","keywords":[],"themeColor":"ffffffff"},"layers":[{"ty":0,"refId":"comp_S_mbolo_2","ip":0,"op":210,"ddd":0,"ind":3,"ao":0,"bm":0,"cl":"","nm":"Símbolo 2","sr":1,"st":0,"h":510.15,"w":858.7,"ks":{"p":{"a":0,"k":[0,0],"ix":2},"a":{"a":0,"k":[-1012.9,-65.75],"ix":1},"s":{"a":0,"k":[100,100],"ix":3},"r":{"a":0,"k":0,"ix":6},"o":{"a":0,"k":100,"ix":7}}},{"ty":0,"refId":"comp_S_mbolo_1","ip":0,"op":210,"ddd":0,"ind":4,"ao":0,"bm":0,"cl":"","nm":"Símbolo 1","sr":1,"st":0,"h":567.5,"w":5668.7,"ks":{"p":{"a":0,"k":[0,0],"ix":2},"a":{"a":0,"k":[-58.4,-8.5],"ix":1},"s":{"a":0,"k":[100,100],"ix":3},"r":{"a":0,"k":0,"ix":6},"o":{"a":0,"k":100,"ix":7}}}]}