{"v":"5.9.0","fr":24,"ip":0,"op":120,"w":1080,"h":1920,"nm":"Vertical","ddd":0,"assets":[{"id":"comp_0","nm":"Buupit","fr":24,"layers":[{"ddd":0,"ind":1,"ty":4,"nm":"Buupit","sr":1,"ks":{"o":{"a":0,"k":100,"ix":11},"r":{"a":0,"k":0,"ix":10},"p":{"a":0,"k":[547.141,980,0],"ix":2,"l":2},"a":{"a":0,"k":[80.5,41.5,0],"ix":1,"l":2},"s":{"a":0,"k":[346.983,346.983,100],"ix":6,"l":2}},"ao":0,"shapes":[{"ty":"gr","it":[{"ind":0,"ty":"sh","ix":1,"ks":{"a":0,"k":{"i":[[0,0],[0,0],[0,0],[1.386,1.214],[0,2.747],[0,0],[0,0],[0,0],[0,0],[0,0],[0,0],[0,0],[0,0],[0,0],[0,0],[0,0],[-0.32,-0.293],[-0.748,0]],"o":[[0,0],[0,0],[-2.481,0],[-1.387,-1.212],[0,0],[0,0],[0,0],[0,0],[0,0],[0,0],[0,0],[0,0],[0,0],[0,0],[0,0],[0,0.667],[0.32,0.294],[0,0]],"v":[[7.04,8.08],[7.04,13.88],[3.561,13.88],[-2.24,12.059],[-4.32,6.12],[-4.32,-2.76],[-7.04,-2.76],[-7.04,-8.441],[-4.32,-8.441],[-4.32,-13.88],[2.52,-13.88],[2.52,-8.441],[7,-8.441],[7,-2.76],[2.52,-2.76],[2.52,6.2],[3,7.64],[4.601,8.08]],"c":true},"ix":2},"nm":"Trazado 1","mn":"ADBE Vector Shape - Group","hd":false},{"ty":"fl","c":{"a":0,"k":[0,0,0,1],"ix":4},"o":{"a":0,"k":100,"ix":5},"r":1,"bm":0,"nm":"Relleno 1","mn":"ADBE Vector Graphic - Fill","hd":false},{"ty":"tr","p":{"a":0,"k":[137.831,38.724],"ix":2},"a":{"a":0,"k":[0,0],"ix":1},"s":{"a":0,"k":[100,100],"ix":3},"r":{"a":0,"k":0,"ix":6},"o":{"a":0,"k":100,"ix":7},"sk":{"a":0,"k":0,"ix":4},"sa":{"a":0,"k":0,"ix":5},"nm":"Transformar"}],"nm":"Grupo 1","np":2,"cix":2,"bm":0,"ix":1,"mn":"ADBE Vector Group","hd":false},{"ty":"gr","it":[{"ind":0,"ty":"sh","ix":1,"ks":{"a":0,"k":{"i":[[0,0],[0,0],[0,0],[0,0]],"o":[[0,0],[0,0],[0,0],[0,0]],"v":[[3.421,16.02],[-3.419,16.02],[-3.419,-6.3],[3.421,-6.3]],"c":true},"ix":2},"nm":"Trazado 1","mn":"ADBE Vector Shape - Group","hd":false},{"ind":1,"ty":"sh","ix":2,"ks":{"a":0,"k":{"i":[[0,0]],"o":[[0,0]],"v":[[3.421,-6.3]],"c":false},"ix":2},"nm":"Trazado 2","mn":"ADBE Vector Shape - Group","hd":false},{"ind":2,"ty":"sh","ix":3,"ks":{"a":0,"k":{"i":[[0.759,0.707],[0,1.04],[-0.761,0.707],[-1.2,0],[-0.761,-0.706],[0,-1.067],[0.759,-0.706],[1.173,0]],"o":[[-0.761,-0.706],[0,-1.067],[0.759,-0.706],[1.173,0],[0.759,0.707],[0,1.04],[-0.761,0.707],[-1.2,0]],"v":[[-2.919,-9.68],[-4.06,-12.3],[-2.919,-14.961],[0.02,-16.02],[2.921,-14.961],[4.06,-12.3],[2.921,-9.68],[0.02,-8.62]],"c":true},"ix":2},"nm":"Trazado 3","mn":"ADBE Vector Shape - Group","hd":false},{"ty":"mm","mm":1,"nm":"Combinar trazados 1","mn":"ADBE Vector Filter - Merge","hd":false},{"ty":"fl","c":{"a":0,"k":[0,0,0,1],"ix":4},"o":{"a":0,"k":100,"ix":5},"r":1,"bm":0,"nm":"Relleno 1","mn":"ADBE Vector Graphic - Fill","hd":false},{"ty":"tr","p":{"a":0,"k":[124.051,36.584],"ix":2},"a":{"a":0,"k":[0,0],"ix":1},"s":{"a":0,"k":[100,100],"ix":3},"r":{"a":0,"k":0,"ix":6},"o":{"a":0,"k":100,"ix":7},"sk":{"a":0,"k":0,"ix":4},"sa":{"a":0,"k":0,"ix":5},"nm":"Transformar"}],"nm":"Grupo 2","np":5,"cix":2,"bm":0,"ix":2,"mn":"ADBE Vector Group","hd":false},{"ty":"gr","it":[{"ind":0,"ty":"sh","ix":1,"ks":{"a":0,"k":{"i":[[0.946,0.974],[1.386,0],[0.946,-0.987],[0,-1.706],[-0.947,-0.987],[-1.36,0],[-0.959,1],[0,1.707]],"o":[[-0.947,-0.974],[-1.36,0],[-0.947,0.987],[0,1.707],[0.946,0.987],[1.359,0],[0.96,-1],[0,-1.707]],"v":[[3.4,-9.219],[-0.1,-10.68],[-3.56,-9.2],[-4.98,-5.16],[-3.56,-1.12],[-0.1,0.361],[3.379,-1.139],[4.82,-5.2]],"c":true},"ix":2},"nm":"Trazado 1","mn":"ADBE Vector Shape - Group","hd":false},{"ind":1,"ty":"sh","ix":2,"ks":{"a":0,"k":{"i":[[-1.174,0.64],[-1.574,0],[-1.494,-0.932],[-0.867,-1.732],[0,-2.293],[0.866,-1.747],[1.493,-0.946],[1.84,0],[1.187,0.64],[0.666,1.013],[0,0],[0,0],[0,0],[0,0],[0,0]],"o":[[1.173,-0.641],[1.84,0],[1.493,0.934],[0.866,1.735],[0,2.293],[-0.867,1.746],[-1.494,0.946],[-1.547,0],[-1.186,-0.641],[0,0],[0,0],[0,0],[0,0],[0,0],[0.666,-1.04]],"v":[[-2.18,-15.68],[1.94,-16.639],[6.94,-15.241],[10.48,-11.241],[11.78,-5.2],[10.48,0.861],[6.94,4.9],[1.94,6.32],[-2.161,5.361],[-4.94,2.881],[-4.94,16.639],[-11.78,16.639],[-11.78,-16.32],[-4.94,-16.32],[-4.94,-13.16]],"c":true},"ix":2},"nm":"Trazado 2","mn":"ADBE Vector Shape - Group","hd":false},{"ty":"mm","mm":1,"nm":"Combinar trazados 1","mn":"ADBE Vector Filter - Merge","hd":false},{"ty":"fl","c":{"a":0,"k":[0,0,0,1],"ix":4},"o":{"a":0,"k":100,"ix":5},"r":1,"bm":0,"nm":"Relleno 1","mn":"ADBE Vector Graphic - Fill","hd":false},{"ty":"tr","p":{"a":0,"k":[105.251,46.604],"ix":2},"a":{"a":0,"k":[0,0],"ix":1},"s":{"a":0,"k":[100,100],"ix":3},"r":{"a":0,"k":0,"ix":6},"o":{"a":0,"k":100,"ix":7},"sk":{"a":0,"k":0,"ix":4},"sa":{"a":0,"k":0,"ix":5},"nm":"Transformar"}],"nm":"Grupo 3","np":4,"cix":2,"bm":0,"ix":3,"mn":"ADBE Vector Group","hd":false},{"ty":"gr","it":[{"ind":0,"ty":"sh","ix":1,"ks":{"a":0,"k":{"i":[[0,0],[0,0],[0,0],[0,0],[1.185,-0.599],[1.441,0],[1.306,0.761],[0.72,1.441],[0,1.947],[0,0],[0,0],[0,0],[-0.775,-0.827],[-1.308,0],[-0.773,0.826],[0,1.494],[0,0]],"o":[[0,0],[0,0],[0,0],[-0.693,0.988],[-1.188,0.601],[-1.707,0],[-1.308,-0.76],[-0.721,-1.439],[0,0],[0,0],[0,0],[0,1.494],[0.772,0.826],[1.333,0],[0.773,-0.827],[0,0],[0,0]],"v":[[11.12,-11.281],[11.12,11.04],[4.28,11.04],[4.28,7.999],[1.461,10.38],[-2.48,11.281],[-6.999,10.139],[-10.04,6.84],[-11.12,1.76],[-11.12,-11.281],[-4.32,-11.281],[-4.32,0.84],[-3.16,4.32],[-0.04,5.559],[3.12,4.32],[4.28,0.84],[4.28,-11.281]],"c":true},"ix":2},"nm":"Trazado 1","mn":"ADBE Vector Shape - Group","hd":false},{"ty":"fl","c":{"a":0,"k":[0,0,0,1],"ix":4},"o":{"a":0,"k":100,"ix":5},"r":1,"bm":0,"nm":"Relleno 1","mn":"ADBE Vector Graphic - Fill","hd":false},{"ty":"tr","p":{"a":0,"k":[77.431,41.564],"ix":2},"a":{"a":0,"k":[0,0],"ix":1},"s":{"a":0,"k":[100,100],"ix":3},"r":{"a":0,"k":0,"ix":6},"o":{"a":0,"k":100,"ix":7},"sk":{"a":0,"k":0,"ix":4},"sa":{"a":0,"k":0,"ix":5},"nm":"Transformar"}],"nm":"Grupo 4","np":2,"cix":2,"bm":0,"ix":4,"mn":"ADBE Vector Group","hd":false},{"ty":"gr","it":[{"ind":0,"ty":"sh","ix":1,"ks":{"a":0,"k":{"i":[[0,0],[0,0],[0,0],[0,0],[1.185,-0.599],[1.441,0],[1.306,0.761],[0.72,1.441],[0,1.947],[0,0],[0,0],[0,0],[-0.775,-0.827],[-1.308,0],[-0.773,0.826],[0,1.494],[0,0]],"o":[[0,0],[0,0],[0,0],[-0.693,0.988],[-1.188,0.601],[-1.707,0],[-1.308,-0.76],[-0.721,-1.439],[0,0],[0,0],[0,0],[0,1.494],[0.772,0.826],[1.333,0],[0.773,-0.827],[0,0],[0,0]],"v":[[11.12,-11.281],[11.12,11.04],[4.279,11.04],[4.279,7.999],[1.46,10.38],[-2.48,11.281],[-6.999,10.139],[-10.04,6.84],[-11.12,1.76],[-11.12,-11.281],[-4.32,-11.281],[-4.32,0.84],[-3.16,4.32],[-0.04,5.559],[3.119,4.32],[4.279,0.84],[4.279,-11.281]],"c":true},"ix":2},"nm":"Trazado 1","mn":"ADBE Vector Shape - Group","hd":false},{"ty":"fl","c":{"a":0,"k":[0,0,0,1],"ix":4},"o":{"a":0,"k":100,"ix":5},"r":1,"bm":0,"nm":"Relleno 1","mn":"ADBE Vector Graphic - Fill","hd":false},{"ty":"tr","p":{"a":0,"k":[50.471,41.564],"ix":2},"a":{"a":0,"k":[0,0],"ix":1},"s":{"a":0,"k":[100,100],"ix":3},"r":{"a":0,"k":0,"ix":6},"o":{"a":0,"k":100,"ix":7},"sk":{"a":0,"k":0,"ix":4},"sa":{"a":0,"k":0,"ix":5},"nm":"Transformar"}],"nm":"Grupo 5","np":2,"cix":2,"bm":0,"ix":5,"mn":"ADBE Vector Group","hd":false},{"ty":"gr","it":[{"ind":0,"ty":"sh","ix":1,"ks":{"a":0,"k":{"i":[[-0.626,0.52],[0,0.987],[0.652,0.559],[1.145,0],[0,0],[0,0],[0,0]],"o":[[0.627,-0.521],[0,-0.986],[-0.654,-0.561],[0,0],[0,0],[0,0],[1.145,0]],"v":[[3.34,7.74],[4.279,5.48],[3.301,3.16],[0.6,2.32],[-4.359,2.32],[-4.359,8.52],[0.68,8.52]],"c":true},"ix":2},"nm":"Trazado 1","mn":"ADBE Vector Shape - Group","hd":false},{"ind":1,"ty":"sh","ix":2,"ks":{"a":0,"k":{"i":[[0,0],[0,0],[-0.599,0.494],[0,0.96],[0.601,0.507],[1.12,0],[0,0]],"o":[[0,0],[1.12,0],[0.601,-0.493],[0,-0.96],[-0.599,-0.507],[0,0],[0,0]],"v":[[-4.359,-2.68],[0.12,-2.68],[2.699,-3.42],[3.6,-5.6],[2.699,-7.8],[0.12,-8.56],[-4.359,-8.56]],"c":true},"ix":2},"nm":"Trazado 2","mn":"ADBE Vector Shape - Group","hd":false},{"ind":2,"ty":"sh","ix":3,"ks":{"a":0,"k":{"i":[[-0.987,-1.265],[0,-1.627],[1.64,-1.374],[2.934,0],[0,0],[0,0],[0,0],[-1.614,-1.306],[0,-2.24],[0.866,-1.094],[1.439,-0.425]],"o":[[0.986,1.268],[0,2.347],[-1.639,1.373],[0,0],[0,0],[0,0],[2.852,0],[1.613,1.306],[0,1.653],[-0.867,1.094],[1.626,0.348]],"v":[[9.721,2.059],[11.199,6.4],[8.74,11.98],[1.88,14.04],[-11.199,14.04],[-11.199,-14.04],[1.441,-14.04],[8.141,-12.08],[10.561,-6.76],[9.26,-2.64],[5.801,-0.361]],"c":true},"ix":2},"nm":"Trazado 3","mn":"ADBE Vector Shape - Group","hd":false},{"ty":"mm","mm":1,"nm":"Combinar trazados 1","mn":"ADBE Vector Filter - Merge","hd":false},{"ty":"fl","c":{"a":0,"k":[0,0,0,1],"ix":4},"o":{"a":0,"k":100,"ix":5},"r":1,"bm":0,"nm":"Relleno 1","mn":"ADBE Vector Graphic - Fill","hd":false},{"ty":"tr","p":{"a":0,"k":[24.392,38.564],"ix":2},"a":{"a":0,"k":[0,0],"ix":1},"s":{"a":0,"k":[100,100],"ix":3},"r":{"a":0,"k":0,"ix":6},"o":{"a":0,"k":100,"ix":7},"sk":{"a":0,"k":0,"ix":4},"sa":{"a":0,"k":0,"ix":5},"nm":"Transformar"}],"nm":"Grupo 6","np":5,"cix":2,"bm":0,"ix":6,"mn":"ADBE Vector Group","hd":false}],"ip":0,"op":384,"st":0,"bm":0}]},{"id":"comp_1","nm":"B!","fr":24,"layers":[{"ddd":0,"ind":1,"ty":4,"nm":"!","sr":1,"ks":{"o":{"a":0,"k":100,"ix":11},"r":{"a":0,"k":0,"ix":10},"p":{"a":1,"k":[{"i":{"x":0.62,"y":1},"o":{"x":0.333,"y":0},"t":23,"s":[615,672,0],"to":[0,51.167,0],"ti":[0,-49.167,0]},{"i":{"x":0,"y":1},"o":{"x":0.38,"y":0},"t":30,"s":[615,979,0],"to":[0,49.167,0],"ti":[0,2,0]},{"i":{"x":0,"y":0},"o":{"x":1,"y":1},"t":32,"s":[615,967,0],"to":[0,0,0],"ti":[0,0,0]},{"i":{"x":0,"y":1},"o":{"x":1,"y":0},"t":38,"s":[615,967,0],"to":[32,0,0],"ti":[-32,0,0]},{"t":45,"s":[807,967,0]}],"ix":2,"l":2},"a":{"a":0,"k":[45,41.5,0],"ix":1,"l":2},"s":{"a":1,"k":[{"i":{"x":[0.833,0.833,0.833],"y":[0.833,0.833,0.833]},"o":{"x":[0.167,0.167,0.167],"y":[0.167,0.167,0.167]},"t":38,"s":[652.039,652.039,100]},{"t":45,"s":[422,422,100]}],"ix":6,"l":2}},"ao":0,"shapes":[{"ty":"gr","it":[{"ind":0,"ty":"sh","ix":1,"ks":{"a":0,"k":{"i":[[0,0],[0,0],[0,0],[0,0]],"o":[[0,0],[0,0],[0,0],[0,0]],"v":[[3.725,-13.098],[2.921,3.586],[-2.921,3.586],[-3.725,-13.098]],"c":true},"ix":2},"nm":"Trazado 1","mn":"ADBE Vector Shape - Group","hd":false},{"ind":1,"ty":"sh","ix":2,"ks":{"a":0,"k":{"i":[[0.736,0.665],[0,1.026],[-0.734,0.676],[-1.213,0],[-0.735,-0.676],[0,-1.026],[0.734,-0.676],[1.189,0]],"o":[[-0.734,-0.664],[0,-1.026],[0.736,-0.676],[1.189,0],[0.734,0.676],[0,1.002],[-0.735,0.676],[-1.213,0]],"v":[[-2.904,12.1],[-4.005,9.566],[-2.904,7.012],[0.018,5.999],[2.904,7.012],[4.005,9.566],[2.904,12.083],[0.018,13.098]],"c":true},"ix":2},"nm":"Trazado 2","mn":"ADBE Vector Shape - Group","hd":false},{"ty":"mm","mm":1,"nm":"Combinar trazados 1","mn":"ADBE Vector Filter - Merge","hd":false},{"ty":"fl","c":{"a":0,"k":[0.976470648074,0.588235294118,0.01568627451,1],"ix":4},"o":{"a":0,"k":100,"ix":5},"r":1,"bm":0,"nm":"Relleno 1","mn":"ADBE Vector Graphic - Fill","hd":false},{"ty":"tr","p":{"a":0,"k":[44.892,41.278],"ix":2},"a":{"a":0,"k":[0,0],"ix":1},"s":{"a":0,"k":[100,100],"ix":3},"r":{"a":0,"k":0,"ix":6},"o":{"a":0,"k":100,"ix":7},"sk":{"a":0,"k":0,"ix":4},"sa":{"a":0,"k":0,"ix":5},"nm":"Transformar"}],"nm":"Grupo 1","np":4,"cix":2,"bm":0,"ix":1,"mn":"ADBE Vector Group","hd":false}],"ip":0,"op":384,"st":0,"bm":0},{"ddd":0,"ind":2,"ty":4,"nm":"B","sr":1,"ks":{"o":{"a":0,"k":100,"ix":11},"r":{"a":0,"k":0,"ix":10},"p":{"a":1,"k":[{"i":{"x":0.667,"y":1},"o":{"x":0.333,"y":0},"t":20,"s":[521,666,0],"to":[0,50,0],"ti":[0,-48.167,0]},{"i":{"x":0.667,"y":1},"o":{"x":0.333,"y":0},"t":26,"s":[521,966,0],"to":[0,48.167,0],"ti":[0,1.833,0]},{"t":28,"s":[521,955,0]}],"ix":2,"l":2},"a":{"a":0,"k":[45,41.5,0],"ix":1,"l":2},"s":{"a":0,"k":[613.655,613.655,100],"ix":6,"l":2}},"ao":0,"shapes":[{"ty":"gr","it":[{"ind":0,"ty":"sh","ix":1,"ks":{"a":0,"k":{"i":[[-0.549,0.456],[0,0.865],[0.572,0.491],[1.005,0],[0,0],[0,0],[0,0]],"o":[[0.55,-0.457],[0,-0.866],[-0.574,-0.492],[0,0],[0,0],[0,0],[1.006,0]],"v":[[2.93,6.793],[3.755,4.81],[2.896,2.774],[0.527,2.037],[-3.827,2.037],[-3.827,7.478],[0.596,7.478]],"c":true},"ix":2},"nm":"Trazado 1","mn":"ADBE Vector Shape - Group","hd":false},{"ind":1,"ty":"sh","ix":2,"ks":{"a":0,"k":{"i":[[0,0],[0,0],[-0.527,0.434],[0,0.843],[0.527,0.444],[0.983,0],[0,0]],"o":[[0,0],[0.983,0],[0.527,-0.433],[0,-0.842],[-0.527,-0.445],[0,0],[0,0]],"v":[[-3.827,-2.351],[0.105,-2.351],[2.37,-3.001],[3.16,-4.914],[2.37,-6.844],[0.105,-7.511],[-3.827,-7.511]],"c":true},"ix":2},"nm":"Trazado 2","mn":"ADBE Vector Shape - Group","hd":false},{"ind":2,"ty":"sh","ix":3,"ks":{"a":0,"k":{"i":[[-0.867,-1.111],[0,-1.428],[1.439,-1.206],[2.574,0],[0,0],[0,0],[0,0],[-1.417,-1.145],[0,-1.966],[0.76,-0.96],[1.263,-0.373]],"o":[[0.865,1.112],[0,2.06],[-1.439,1.205],[0,0],[0,0],[0,0],[2.503,0],[1.416,1.147],[0,1.451],[-0.761,0.96],[1.427,0.305]],"v":[[8.531,1.808],[9.829,5.617],[7.669,10.514],[1.65,12.321],[-9.829,12.321],[-9.829,-12.321],[1.264,-12.321],[7.143,-10.601],[9.268,-5.932],[8.126,-2.316],[5.09,-0.316]],"c":true},"ix":2},"nm":"Trazado 3","mn":"ADBE Vector Shape - Group","hd":false},{"ty":"mm","mm":1,"nm":"Combinar trazados 1","mn":"ADBE Vector Filter - Merge","hd":false},{"ty":"fl","c":{"a":0,"k":[1,1,1,1],"ix":4},"o":{"a":0,"k":100,"ix":5},"r":1,"bm":0,"nm":"Relleno 1","mn":"ADBE Vector Graphic - Fill","hd":false},{"ty":"tr","p":{"a":0,"k":[43.373,42.773],"ix":2},"a":{"a":0,"k":[0,0],"ix":1},"s":{"a":0,"k":[100,100],"ix":3},"r":{"a":0,"k":0,"ix":6},"o":{"a":0,"k":100,"ix":7},"sk":{"a":0,"k":0,"ix":4},"sa":{"a":0,"k":0,"ix":5},"nm":"Transformar"}],"nm":"Grupo 1","np":5,"cix":2,"bm":0,"ix":1,"mn":"ADBE Vector Group","hd":false}],"ip":0,"op":384,"st":0,"bm":0}]}],"layers":[{"ddd":0,"ind":2,"ty":0,"nm":"Buupit","refId":"comp_0","sr":1,"ks":{"o":{"a":1,"k":[{"i":{"x":[0.833],"y":[0.833]},"o":{"x":[0.167],"y":[0.167]},"t":38,"s":[0]},{"t":41,"s":[100]}],"ix":11},"r":{"a":0,"k":0,"ix":10},"p":{"a":0,"k":[540,960,0],"ix":2,"l":2},"a":{"a":0,"k":[540,960,0],"ix":1,"l":2},"s":{"a":0,"k":[100,100,100],"ix":6,"l":2}},"ao":0,"hasMask":true,"masksProperties":[{"inv":false,"mode":"a","pt":{"a":1,"k":[{"i":{"x":0.833,"y":0.833},"o":{"x":0.167,"y":0.167},"t":39,"s":[{"i":[[0,0],[0,0],[0,0],[0,0]],"o":[[0,0],[0,0],[0,0],[0,0]],"v":[[532.961,902],[521,902.258],[521,1089.344],[532.961,1089.086]],"c":true}]},{"i":{"x":0.833,"y":0.833},"o":{"x":0.167,"y":0.167},"t":42,"s":[{"i":[[0,0],[0,0],[0,0],[0,0]],"o":[[0,0],[0,0],[0,0],[0,0]],"v":[[714.961,902],[475,902.516],[475,1089.602],[714.961,1089.086]],"c":true}]},{"i":{"x":0.833,"y":0.833},"o":{"x":0.167,"y":0.167},"t":43,"s":[{"i":[[0,0],[0,0],[0,0],[0,0]],"o":[[0,0],[0,0],[0,0],[0,0]],"v":[[749.961,902],[426,902.031],[426,1089.117],[749.961,1089.086]],"c":true}]},{"t":44,"s":[{"i":[[0,0],[0,0],[0,0],[0,0]],"o":[[0,0],[0,0],[0,0],[0,0]],"v":[[776.961,902],[301,902.062],[301,1089.148],[776.961,1089.086]],"c":true}]}],"ix":1},"o":{"a":0,"k":100,"ix":3},"x":{"a":0,"k":0,"ix":4},"nm":"Máscara 1"}],"w":1080,"h":1920,"ip":0,"op":384,"st":0,"bm":0},{"ddd":0,"ind":3,"ty":0,"nm":"B!","refId":"comp_1","sr":1,"ks":{"o":{"a":0,"k":100,"ix":11},"r":{"a":0,"k":0,"ix":10},"p":{"a":0,"k":[540,961,0],"ix":2,"l":2},"a":{"a":0,"k":[540,960,0],"ix":1,"l":2},"s":{"a":0,"k":[100,100,100],"ix":6,"l":2}},"ao":0,"hasMask":true,"masksProperties":[{"inv":false,"mode":"a","pt":{"a":1,"k":[{"i":{"x":0.833,"y":0.833},"o":{"x":0.167,"y":0.167},"t":38,"s":[{"i":[[112.748,0],[0,-112.748],[-112.748,0],[0,112.748]],"o":[[-112.748,0],[0,112.748],[112.748,0],[0,-112.748]],"v":[[540,754.852],[335.852,959],[540,1163.148],[744.148,959]],"c":true}]},{"t":44,"s":[{"i":[[186.672,0],[0,-186.672],[-186.672,0],[0,186.672]],"o":[[-186.672,0],[0,186.672],[186.672,0],[0,-186.672]],"v":[[540,621],[202,959],[540,1297],[878,959]],"c":true}]}],"ix":1},"o":{"a":0,"k":100,"ix":3},"x":{"a":0,"k":0,"ix":4},"nm":"Máscara 1"}],"w":1080,"h":1920,"ip":0,"op":384,"st":0,"bm":0},{"ddd":0,"ind":4,"ty":4,"nm":"Círculo","sr":1,"ks":{"o":{"a":1,"k":[{"i":{"x":[0.833],"y":[0.833]},"o":{"x":[0.167],"y":[0.167]},"t":38,"s":[100]},{"t":43,"s":[0]}],"ix":11},"r":{"a":0,"k":0,"ix":10},"p":{"a":0,"k":[544.898,963.279,0],"ix":2,"l":2},"a":{"a":0,"k":[0,0,0],"ix":1,"l":2},"s":{"a":1,"k":[{"i":{"x":[0.667,0.667,0.667],"y":[1,1,1]},"o":{"x":[0.333,0.333,0.333],"y":[0,0,0]},"t":0,"s":[100,100,100]},{"i":{"x":[0.667,0.667,0.667],"y":[1,1,1]},"o":{"x":[0.333,0.333,0.333],"y":[0,0,0]},"t":7,"s":[15.633,15.633,100]},{"i":{"x":[0.833,0.833,0.833],"y":[1,1,1]},"o":{"x":[0.333,0.333,0.333],"y":[0,0,0]},"t":10,"s":[18.1,18.1,100]},{"i":{"x":[0.833,0.833,0.833],"y":[1,1,1]},"o":{"x":[0.167,0.167,0.167],"y":[0,0,0]},"t":38,"s":[18.1,18.1,100]},{"t":43,"s":[0,0,100]}],"ix":6,"l":2}},"ao":0,"shapes":[{"ty":"gr","it":[{"d":1,"ty":"el","s":{"a":0,"k":[2243.438,2243.438],"ix":2},"p":{"a":0,"k":[0,0],"ix":3},"nm":"Trazado elíptico 1","mn":"ADBE Vector Shape - Ellipse","hd":false},{"ty":"fl","c":{"a":0,"k":[0,0,0,1],"ix":4},"o":{"a":0,"k":100,"ix":5},"r":1,"bm":0,"nm":"Relleno 1","mn":"ADBE Vector Graphic - Fill","hd":false},{"ty":"tr","p":{"a":0,"k":[-27.062,3.984],"ix":2},"a":{"a":0,"k":[0,0],"ix":1},"s":{"a":0,"k":[104.297,104.297],"ix":3},"r":{"a":0,"k":0,"ix":6},"o":{"a":0,"k":100,"ix":7},"sk":{"a":0,"k":0,"ix":4},"sa":{"a":0,"k":0,"ix":5},"nm":"Transformar"}],"nm":"Elipse 1","np":3,"cix":2,"bm":0,"ix":1,"mn":"ADBE Vector Group","hd":false}],"ip":0,"op":384,"st":0,"bm":0},{"ddd":0,"ind":5,"ty":1,"nm":"Fondo","sr":1,"ks":{"o":{"a":0,"k":100,"ix":11},"r":{"a":0,"k":0,"ix":10},"p":{"a":0,"k":[540,960,0],"ix":2,"l":2},"a":{"a":0,"k":[540,960,0],"ix":1,"l":2},"s":{"a":0,"k":[100,100,100],"ix":6,"l":2}},"ao":0,"sw":1080,"sh":1920,"sc":"#ffffff","ip":0,"op":384,"st":0,"bm":0}],"markers":[]}